name,popularity,album,release_date,duration_ms
Fortnight (feat. Post Malone),76,THE TORTURED POETS DEPARTMENT: THE ANTHOLOGY,2024-04-19,228965
The Tortured Poets Department,74,THE TORTURED POETS DEPARTMENT: THE ANTHOLOGY,2024-04-19,293048
My Boy Only Breaks His Favorite Toys,76,THE TORTURED POETS DEPARTMENT: THE ANTHOLOGY,2024-04-19,203801
Down Bad,76,THE TORTURED POETS DEPARTMENT: THE ANTHOLOGY,2024-04-19,261228
"So Long, London",75,THE TORTURED POETS DEPARTMENT: THE ANTHOLOGY,2024-04-19,262974
But Daddy I Love Him,75,THE TORTURED POETS DEPARTMENT: THE ANTHOLOGY,2024-04-19,340428
Fresh Out The Slammer,73,THE TORTURED POETS DEPARTMENT: THE ANTHOLOGY,2024-04-19,210789
Florida!!! (feat. Florence + The Machine),73,THE TORTURED POETS DEPARTMENT: THE ANTHOLOGY,2024-04-19,215463
Guilty as Sin?,77,THE TORTURED POETS DEPARTMENT: THE ANTHOLOGY,2024-04-19,254365
Who’s Afraid of Little Old Me?,75,THE TORTURED POETS DEPARTMENT: THE ANTHOLOGY,2024-04-19,334084
I Can Fix Him (No Really I Can),71,THE TORTURED POETS DEPARTMENT: THE ANTHOLOGY,2024-04-19,156297
loml,75,THE TORTURED POETS DEPARTMENT: THE ANTHOLOGY,2024-04-19,277156
I Can Do It With a Broken Heart,76,THE TORTURED POETS DEPARTMENT: THE ANTHOLOGY,2024-04-19,218004
The Smallest Man Who Ever Lived,76,THE TORTURED POETS DEPARTMENT: THE ANTHOLOGY,2024-04-19,245541
The Alchemy,74,THE TORTURED POETS DEPARTMENT: THE ANTHOLOGY,2024-04-19,196900
Clara Bow,71,THE TORTURED POETS DEPARTMENT: THE ANTHOLOGY,2024-04-19,216662
The Black Dog,75,THE TORTURED POETS DEPARTMENT: THE ANTHOLOGY,2024-04-19,238857
imgonnagetyouback,76,THE TORTURED POETS DEPARTMENT: THE ANTHOLOGY,2024-04-19,222072
The Albatross,71,THE TORTURED POETS DEPARTMENT: THE ANTHOLOGY,2024-04-19,183878
Chloe or Sam or Sophia or Marcus,73,THE TORTURED POETS DEPARTMENT: THE ANTHOLOGY,2024-04-19,213281
How Did It End?,75,THE TORTURED POETS DEPARTMENT: THE ANTHOLOGY,2024-04-19,238706
So High School,78,THE TORTURED POETS DEPARTMENT: THE ANTHOLOGY,2024-04-19,228800
I Hate It Here,73,THE TORTURED POETS DEPARTMENT: THE ANTHOLOGY,2024-04-19,243875
thanK you aIMee,71,THE TORTURED POETS DEPARTMENT: THE ANTHOLOGY,2024-04-19,263817
I Look in People's Windows,71,THE TORTURED POETS DEPARTMENT: THE ANTHOLOGY,2024-04-19,131907
The Prophecy,77,THE TORTURED POETS DEPARTMENT: THE ANTHOLOGY,2024-04-19,249807
Cassandra,71,THE TORTURED POETS DEPARTMENT: THE ANTHOLOGY,2024-04-19,240205
Peter,73,THE TORTURED POETS DEPARTMENT: THE ANTHOLOGY,2024-04-19,283957
The Bolter,73,THE TORTURED POETS DEPARTMENT: THE ANTHOLOGY,2024-04-19,238241
Robin,68,THE TORTURED POETS DEPARTMENT: THE ANTHOLOGY,2024-04-19,240893
The Manuscript,69,THE TORTURED POETS DEPARTMENT: THE ANTHOLOGY,2024-04-19,224743
Fortnight (feat. Post Malone),86,THE TORTURED POETS DEPARTMENT,2024-04-18,228965
The Tortured Poets Department,71,THE TORTURED POETS DEPARTMENT,2024-04-18,293048
My Boy Only Breaks His Favorite Toys,72,THE TORTURED POETS DEPARTMENT,2024-04-18,203801
Down Bad,78,THE TORTURED POETS DEPARTMENT,2024-04-18,261228
"So Long, London",72,THE TORTURED POETS DEPARTMENT,2024-04-18,262974
But Daddy I Love Him,73,THE TORTURED POETS DEPARTMENT,2024-04-18,340428
Fresh Out The Slammer,66,THE TORTURED POETS DEPARTMENT,2024-04-18,210789
Florida!!! (feat. Florence + The Machine),73,THE TORTURED POETS DEPARTMENT,2024-04-18,215463
Guilty as Sin?,78,THE TORTURED POETS DEPARTMENT,2024-04-18,254365
Who’s Afraid of Little Old Me?,75,THE TORTURED POETS DEPARTMENT,2024-04-18,334084
I Can Fix Him (No Really I Can),62,THE TORTURED POETS DEPARTMENT,2024-04-18,156297
loml,71,THE TORTURED POETS DEPARTMENT,2024-04-18,277156
I Can Do It With a Broken Heart,85,THE TORTURED POETS DEPARTMENT,2024-04-18,218004
The Smallest Man Who Ever Lived,70,THE TORTURED POETS DEPARTMENT,2024-04-18,245541
The Alchemy,70,THE TORTURED POETS DEPARTMENT,2024-04-18,196900
Clara Bow,62,THE TORTURED POETS DEPARTMENT,2024-04-18,216662
Welcome To New York (Taylor's Version),60,1989 (Taylor's Version) [Deluxe],2023-10-27,212600
Blank Space (Taylor's Version),62,1989 (Taylor's Version) [Deluxe],2023-10-27,231833
Style (Taylor's Version),63,1989 (Taylor's Version) [Deluxe],2023-10-27,231000
Out Of The Woods (Taylor's Version),61,1989 (Taylor's Version) [Deluxe],2023-10-27,235800
All You Had To Do Was Stay (Taylor's Version),60,1989 (Taylor's Version) [Deluxe],2023-10-27,193289
Shake It Off (Taylor's Version),60,1989 (Taylor's Version) [Deluxe],2023-10-27,219209
I Wish You Would (Taylor's Version),59,1989 (Taylor's Version) [Deluxe],2023-10-27,207650
Bad Blood (Taylor's Version),59,1989 (Taylor's Version) [Deluxe],2023-10-27,211103
Wildest Dreams (Taylor's Version),60,1989 (Taylor's Version) [Deluxe],2023-10-27,220433
How You Get The Girl (Taylor's Version),59,1989 (Taylor's Version) [Deluxe],2023-10-27,247533
This Love (Taylor’s Version),58,1989 (Taylor's Version) [Deluxe],2023-10-27,250100
I Know Places (Taylor's Version),59,1989 (Taylor's Version) [Deluxe],2023-10-27,195700
Clean (Taylor's Version),60,1989 (Taylor's Version) [Deluxe],2023-10-27,271000
Wonderland (Taylor's Version),59,1989 (Taylor's Version) [Deluxe],2023-10-27,245566
You Are In Love (Taylor's Version),60,1989 (Taylor's Version) [Deluxe],2023-10-27,267389
New Romantics (Taylor's Version),60,1989 (Taylor's Version) [Deluxe],2023-10-27,230177
"""Slut!"" (Taylor's Version) (From The Vault)",63,1989 (Taylor's Version) [Deluxe],2023-10-27,180381
Say Don't Go (Taylor's Version) (From The Vault),62,1989 (Taylor's Version) [Deluxe],2023-10-27,279833
Now That We Don't Talk (Taylor's Version) (From The Vault),63,1989 (Taylor's Version) [Deluxe],2023-10-27,146436
Suburban Legends (Taylor's Version) (From The Vault),60,1989 (Taylor's Version) [Deluxe],2023-10-27,171818
Is It Over Now? (Taylor's Version) (From The Vault),64,1989 (Taylor's Version) [Deluxe],2023-10-27,229477
Bad Blood (feat. Kendrick Lamar) (Taylor's Version),71,1989 (Taylor's Version) [Deluxe],2023-10-27,199773
Welcome To New York (Taylor's Version),68,1989 (Taylor's Version),2023-10-26,212600
Blank Space (Taylor's Version),77,1989 (Taylor's Version),2023-10-26,231833
Style (Taylor's Version),76,1989 (Taylor's Version),2023-10-26,231000
Out Of The Woods (Taylor's Version),71,1989 (Taylor's Version),2023-10-26,235800
All You Had To Do Was Stay (Taylor's Version),66,1989 (Taylor's Version),2023-10-26,193289
Shake It Off (Taylor's Version),72,1989 (Taylor's Version),2023-10-26,219209
I Wish You Would (Taylor's Version),65,1989 (Taylor's Version),2023-10-26,207650
Bad Blood (Taylor's Version),68,1989 (Taylor's Version),2023-10-26,211103
Wildest Dreams (Taylor's Version),75,1989 (Taylor's Version),2023-10-26,220433
How You Get The Girl (Taylor's Version),64,1989 (Taylor's Version),2023-10-26,247533
This Love (Taylor’s Version),66,1989 (Taylor's Version),2023-10-26,250100
I Know Places (Taylor's Version),64,1989 (Taylor's Version),2023-10-26,195700
Clean (Taylor's Version),68,1989 (Taylor's Version),2023-10-26,271000
Wonderland (Taylor's Version),65,1989 (Taylor's Version),2023-10-26,245566
You Are In Love (Taylor's Version),68,1989 (Taylor's Version),2023-10-26,267389
New Romantics (Taylor's Version),71,1989 (Taylor's Version),2023-10-26,230177
"""Slut!"" (Taylor's Version) (From The Vault)",75,1989 (Taylor's Version),2023-10-26,180381
Say Don't Go (Taylor's Version) (From The Vault),71,1989 (Taylor's Version),2023-10-26,279833
Now That We Don't Talk (Taylor's Version) (From The Vault),75,1989 (Taylor's Version),2023-10-26,146436
Suburban Legends (Taylor's Version) (From The Vault),66,1989 (Taylor's Version),2023-10-26,171818
Is It Over Now? (Taylor's Version) (From The Vault),76,1989 (Taylor's Version),2023-10-26,229477
Mine (Taylor's Version),72,Speak Now (Taylor's Version),2023-07-07,231706
Sparks Fly (Taylor’s Version),69,Speak Now (Taylor's Version),2023-07-07,261230
Back To December (Taylor's Version),72,Speak Now (Taylor's Version),2023-07-07,294189
Speak Now (Taylor's Version),67,Speak Now (Taylor's Version),2023-07-07,242473
Dear John (Taylor's Version),67,Speak Now (Taylor's Version),2023-07-07,405906
Mean (Taylor's Version),66,Speak Now (Taylor's Version),2023-07-07,238693
The Story Of Us (Taylor's Version),67,Speak Now (Taylor's Version),2023-07-07,267653
Never Grow Up (Taylor's Version),63,Speak Now (Taylor's Version),2023-07-07,292920
Enchanted (Taylor's Version),77,Speak Now (Taylor's Version),2023-07-07,353253
Better Than Revenge (Taylor's Version),69,Speak Now (Taylor's Version),2023-07-07,220306
Innocent (Taylor's Version),61,Speak Now (Taylor's Version),2023-07-07,301221
Haunted (Taylor's Version),67,Speak Now (Taylor's Version),2023-07-07,245413
Last Kiss (Taylor's Version),67,Speak Now (Taylor's Version),2023-07-07,369120
Long Live (Taylor's Version),71,Speak Now (Taylor's Version),2023-07-07,317960
Ours (Taylor’s Version),63,Speak Now (Taylor's Version),2023-07-07,235803
Superman (Taylor’s Version),60,Speak Now (Taylor's Version),2023-07-07,274945
Electric Touch (feat. Fall Out Boy) (Taylor’s Version) (From The Vault),65,Speak Now (Taylor's Version),2023-07-07,266466
When Emma Falls in Love (Taylor’s Version) (From The Vault),64,Speak Now (Taylor's Version),2023-07-07,252385
I Can See You (Taylor’s Version) (From The Vault),72,Speak Now (Taylor's Version),2023-07-07,273186
Castles Crumbling (feat. Hayley Williams) (Taylor’s Version) (From The Vault),65,Speak Now (Taylor's Version),2023-07-07,306062
Foolish One (Taylor’s Version) (From The Vault),66,Speak Now (Taylor's Version),2023-07-07,311765
Timeless (Taylor’s Version) (From The Vault),66,Speak Now (Taylor's Version),2023-07-07,321396
Lavender Haze,62,Midnights (The Til Dawn Edition),2023-05-26,202395
Maroon,63,Midnights (The Til Dawn Edition),2023-05-26,218270
Anti-Hero,62,Midnights (The Til Dawn Edition),2023-05-26,200690
Snow On The Beach (feat. Lana Del Rey),59,Midnights (The Til Dawn Edition),2023-05-26,256124
"You're On Your Own, Kid",63,Midnights (The Til Dawn Edition),2023-05-26,194206
Midnight Rain,62,Midnights (The Til Dawn Edition),2023-05-26,174782
Question...?,60,Midnights (The Til Dawn Edition),2023-05-26,210556
Vigilante Shit,60,Midnights (The Til Dawn Edition),2023-05-26,164801
Bejeweled,61,Midnights (The Til Dawn Edition),2023-05-26,194165
Labyrinth,60,Midnights (The Til Dawn Edition),2023-05-26,247962
Karma,60,Midnights (The Til Dawn Edition),2023-05-26,204852
Sweet Nothing,59,Midnights (The Til Dawn Edition),2023-05-26,188496
Mastermind,60,Midnights (The Til Dawn Edition),2023-05-26,191039
The Great War,61,Midnights (The Til Dawn Edition),2023-05-26,240355
Bigger Than The Whole Sky,59,Midnights (The Til Dawn Edition),2023-05-26,218502
Paris,59,Midnights (The Til Dawn Edition),2023-05-26,196258
High Infidelity,58,Midnights (The Til Dawn Edition),2023-05-26,231475
Glitch,57,Midnights (The Til Dawn Edition),2023-05-26,148781
"Would've, Could've, Should've",61,Midnights (The Til Dawn Edition),2023-05-26,260361
Dear Reader,58,Midnights (The Til Dawn Edition),2023-05-26,225194
Hits Different,71,Midnights (The Til Dawn Edition),2023-05-26,234466
Snow On The Beach (feat. More Lana Del Rey),71,Midnights (The Til Dawn Edition),2023-05-26,229942
Karma (feat. Ice Spice),62,Midnights (The Til Dawn Edition),2023-05-26,201493
Lavender Haze,60,Midnights (3am Edition),2022-10-22,202395
Maroon,61,Midnights (3am Edition),2022-10-22,218270
Anti-Hero,60,Midnights (3am Edition),2022-10-22,200690
Snow On The Beach (feat. Lana Del Rey),60,Midnights (3am Edition),2022-10-22,256124
"You're On Your Own, Kid",61,Midnights (3am Edition),2022-10-22,194206
Midnight Rain,60,Midnights (3am Edition),2022-10-22,174782
Question...?,57,Midnights (3am Edition),2022-10-22,210556
Vigilante Shit,59,Midnights (3am Edition),2022-10-22,164801
Bejeweled,60,Midnights (3am Edition),2022-10-22,194165
Labyrinth,58,Midnights (3am Edition),2022-10-22,247962
Karma,62,Midnights (3am Edition),2022-10-22,204852
Sweet Nothing,59,Midnights (3am Edition),2022-10-22,188496
Mastermind,62,Midnights (3am Edition),2022-10-22,191039
The Great War,67,Midnights (3am Edition),2022-10-22,240355
Bigger Than The Whole Sky,65,Midnights (3am Edition),2022-10-22,218502
Paris,63,Midnights (3am Edition),2022-10-22,196258
High Infidelity,62,Midnights (3am Edition),2022-10-22,231475
Glitch,61,Midnights (3am Edition),2022-10-22,148781
"Would've, Could've, Should've",66,Midnights (3am Edition),2022-10-22,260361
Dear Reader,62,Midnights (3am Edition),2022-10-22,225194
Lavender Haze,74,Midnights,2022-10-21,202395
Maroon,71,Midnights,2022-10-21,218270
Anti-Hero,83,Midnights,2022-10-21,200690
Snow On The Beach (feat. Lana Del Rey),67,Midnights,2022-10-21,256124
"You're On Your Own, Kid",76,Midnights,2022-10-21,194206
Midnight Rain,74,Midnights,2022-10-21,174782
Question...?,64,Midnights,2022-10-21,210556
Vigilante Shit,71,Midnights,2022-10-21,164801
Bejeweled,74,Midnights,2022-10-21,194165
Labyrinth,69,Midnights,2022-10-21,247962
Karma,77,Midnights,2022-10-21,204852
Sweet Nothing,68,Midnights,2022-10-21,188496
Mastermind,70,Midnights,2022-10-21,191039
State Of Grace (Taylor's Version),64,Red (Taylor's Version),2021-11-12,295413
Red (Taylor's Version),72,Red (Taylor's Version),2021-11-12,223093
Treacherous (Taylor's Version),65,Red (Taylor's Version),2021-11-12,242720
I Knew You Were Trouble (Taylor's Version),73,Red (Taylor's Version),2021-11-12,219760
All Too Well (Taylor's Version),71,Red (Taylor's Version),2021-11-12,329160
22 (Taylor's Version),72,Red (Taylor's Version),2021-11-12,230960
I Almost Do (Taylor's Version),63,Red (Taylor's Version),2021-11-12,244586
We Are Never Ever Getting Back Together (Taylor's Version),73,Red (Taylor's Version),2021-11-12,193146
Stay Stay Stay (Taylor's Version),62,Red (Taylor's Version),2021-11-12,205786
The Last Time (feat. Gary Lightbody of Snow Patrol) (Taylor’s Version),67,Red (Taylor's Version),2021-11-12,299080
Holy Ground (Taylor's Version),63,Red (Taylor's Version),2021-11-12,202960
Sad Beautiful Tragic (Taylor's Version),65,Red (Taylor's Version),2021-11-12,284773
The Lucky One (Taylor's Version),62,Red (Taylor's Version),2021-11-12,240466
Everything Has Changed (feat. Ed Sheeran) (Taylor’s Version),70,Red (Taylor's Version),2021-11-12,245426
Starlight (Taylor's Version),62,Red (Taylor's Version),2021-11-12,220413
Begin Again (Taylor's Version),66,Red (Taylor's Version),2021-11-12,238866
The Moment I Knew (Taylor's Version),62,Red (Taylor's Version),2021-11-12,285280
Come Back...Be Here (Taylor's Version),66,Red (Taylor's Version),2021-11-12,223333
Girl At Home (Taylor's Version),61,Red (Taylor's Version),2021-11-12,220520
State Of Grace (Acoustic Version) (Taylor's Version),61,Red (Taylor's Version),2021-11-12,321640
Ronan (Taylor's Version),57,Red (Taylor's Version),2021-11-12,264253
Better Man (Taylor's Version) (From The Vault),66,Red (Taylor's Version),2021-11-12,297013
Nothing New (feat. Phoebe Bridgers) (Taylor’s Version) (From The Vault),71,Red (Taylor's Version),2021-11-12,258812
Babe (Taylor's Version) (From The Vault),66,Red (Taylor's Version),2021-11-12,224240
Message In A Bottle (Taylor's Version) (From The Vault),69,Red (Taylor's Version),2021-11-12,225960
I Bet You Think About Me (feat. Chris Stapleton) (Taylor’s Version) (From The Vault),69,Red (Taylor's Version),2021-11-12,285106
Forever Winter (Taylor's Version) (From The Vault),62,Red (Taylor's Version),2021-11-12,263533
Run (feat. Ed Sheeran) (Taylor’s Version) (From The Vault),64,Red (Taylor's Version),2021-11-12,240226
The Very First Night (Taylor's Version) (From The Vault),67,Red (Taylor's Version),2021-11-12,200280
All Too Well (10 Minute Version) (Taylor's Version) (From The Vault),79,Red (Taylor's Version),2021-11-12,613026
Fearless (Taylor’s Version),75,Fearless (Taylor's Version),2021-04-09,241591
Fifteen (Taylor’s Version),64,Fearless (Taylor's Version),2021-04-09,294419
Love Story (Taylor’s Version),75,Fearless (Taylor's Version),2021-04-09,235766
Hey Stephen (Taylor’s Version),63,Fearless (Taylor's Version),2021-04-09,254254
White Horse (Taylor’s Version),65,Fearless (Taylor's Version),2021-04-09,234515
You Belong With Me (Taylor’s Version),80,Fearless (Taylor's Version),2021-04-09,231124
Breathe (feat. Colbie Caillat) (Taylor’s Version),60,Fearless (Taylor's Version),2021-04-09,263377
Tell Me Why (Taylor’s Version),59,Fearless (Taylor's Version),2021-04-09,200575
You’re Not Sorry (Taylor’s Version),62,Fearless (Taylor's Version),2021-04-09,261842
The Way I Loved You (Taylor’s Version),74,Fearless (Taylor's Version),2021-04-09,243136
Forever & Always (Taylor’s Version),65,Fearless (Taylor's Version),2021-04-09,225328
The Best Day (Taylor’s Version),59,Fearless (Taylor's Version),2021-04-09,245290
Change (Taylor’s Version),58,Fearless (Taylor's Version),2021-04-09,279359
Jump Then Fall (Taylor’s Version),60,Fearless (Taylor's Version),2021-04-09,237580
Untouchable (Taylor’s Version),61,Fearless (Taylor's Version),2021-04-09,312107
Forever & Always (Piano Version) (Taylor’s Version),59,Fearless (Taylor's Version),2021-04-09,267833
Come In With The Rain (Taylor’s Version),57,Fearless (Taylor's Version),2021-04-09,237338
Superstar (Taylor’s Version),56,Fearless (Taylor's Version),2021-04-09,263865
The Other Side Of The Door (Taylor’s Version),61,Fearless (Taylor's Version),2021-04-09,238443
Today Was A Fairytale (Taylor’s Version),60,Fearless (Taylor's Version),2021-04-09,241822
You All Over Me (feat. Maren Morris) (Taylor’s Version) (From The Vault),57,Fearless (Taylor's Version),2021-04-09,220839
Mr. Perfectly Fine (Taylor’s Version) (From The Vault),68,Fearless (Taylor's Version),2021-04-09,277591
We Were Happy (Taylor’s Version) (From The Vault),59,Fearless (Taylor's Version),2021-04-09,244236
That’s When (feat. Keith Urban) (Taylor’s Version) (From The Vault),62,Fearless (Taylor's Version),2021-04-09,189495
Don’t You (Taylor’s Version) (From The Vault),61,Fearless (Taylor's Version),2021-04-09,208608
Bye Bye Baby (Taylor’s Version) (From The Vault),59,Fearless (Taylor's Version),2021-04-09,242157
willow,66,evermore (deluxe version),2021-01-07,214706
champagne problems,66,evermore (deluxe version),2021-01-07,244000
gold rush,64,evermore (deluxe version),2021-01-07,185320
‘tis the damn season,64,evermore (deluxe version),2021-01-07,229840
tolerate it,65,evermore (deluxe version),2021-01-07,245440
"no body, no crime (feat. HAIM)",63,evermore (deluxe version),2021-01-07,215626
happiness,62,evermore (deluxe version),2021-01-07,315146
dorothea,61,evermore (deluxe version),2021-01-07,225880
coney island (feat. The National),63,evermore (deluxe version),2021-01-07,275320
ivy,63,evermore (deluxe version),2021-01-07,260440
cowboy like me,63,evermore (deluxe version),2021-01-07,275040
long story short,62,evermore (deluxe version),2021-01-07,215920
marjorie,62,evermore (deluxe version),2021-01-07,257773
closure,60,evermore (deluxe version),2021-01-07,180653
evermore (feat. Bon Iver),64,evermore (deluxe version),2021-01-07,304106
right where you left me - bonus track,74,evermore (deluxe version),2021-01-07,245026
it’s time to go - bonus track,65,evermore (deluxe version),2021-01-07,254640
willow,74,evermore,2020-12-11,214706
champagne problems,76,evermore,2020-12-11,244000
gold rush,66,evermore,2020-12-11,185320
‘tis the damn season,64,evermore,2020-12-11,229840
tolerate it,71,evermore,2020-12-11,245440
"no body, no crime (feat. HAIM)",64,evermore,2020-12-11,215626
happiness,63,evermore,2020-12-11,315146
dorothea,61,evermore,2020-12-11,225880
coney island (feat. The National),60,evermore,2020-12-11,275320
ivy,66,evermore,2020-12-11,260440
cowboy like me,65,evermore,2020-12-11,275040
long story short,61,evermore,2020-12-11,215920
marjorie,66,evermore,2020-12-11,257773
closure,58,evermore,2020-12-11,180653
evermore (feat. Bon Iver),62,evermore,2020-12-11,304106
the 1,47,folklore: the long pond studio sessions (from the Disney+ special) [deluxe edition],2020-11-25,210240
cardigan,48,folklore: the long pond studio sessions (from the Disney+ special) [deluxe edition],2020-11-25,239560
the last great american dynasty,45,folklore: the long pond studio sessions (from the Disney+ special) [deluxe edition],2020-11-25,231000
exile (feat. Bon Iver),47,folklore: the long pond studio sessions (from the Disney+ special) [deluxe edition],2020-11-25,285640
my tears ricochet,47,folklore: the long pond studio sessions (from the Disney+ special) [deluxe edition],2020-11-25,255893
mirrorball,44,folklore: the long pond studio sessions (from the Disney+ special) [deluxe edition],2020-11-25,208973
seven,44,folklore: the long pond studio sessions (from the Disney+ special) [deluxe edition],2020-11-25,208906
august,46,folklore: the long pond studio sessions (from the Disney+ special) [deluxe edition],2020-11-25,261920
this is me trying,45,folklore: the long pond studio sessions (from the Disney+ special) [deluxe edition],2020-11-25,195106
illicit affairs,45,folklore: the long pond studio sessions (from the Disney+ special) [deluxe edition],2020-11-25,190893
invisible string,44,folklore: the long pond studio sessions (from the Disney+ special) [deluxe edition],2020-11-25,252880
mad woman,42,folklore: the long pond studio sessions (from the Disney+ special) [deluxe edition],2020-11-25,237266
epiphany,42,folklore: the long pond studio sessions (from the Disney+ special) [deluxe edition],2020-11-25,289746
betty,43,folklore: the long pond studio sessions (from the Disney+ special) [deluxe edition],2020-11-25,294520
peace,42,folklore: the long pond studio sessions (from the Disney+ special) [deluxe edition],2020-11-25,234000
hoax,41,folklore: the long pond studio sessions (from the Disney+ special) [deluxe edition],2020-11-25,220040
the lakes - bonus track,43,folklore: the long pond studio sessions (from the Disney+ special) [deluxe edition],2020-11-25,211813
the 1 - the long pond studio sessions,52,folklore: the long pond studio sessions (from the Disney+ special) [deluxe edition],2020-11-25,219893
cardigan - the long pond studio sessions,53,folklore: the long pond studio sessions (from the Disney+ special) [deluxe edition],2020-11-25,230680
the last great american dynasty - the long pond studio sessions,50,folklore: the long pond studio sessions (from the Disney+ special) [deluxe edition],2020-11-25,232346
exile (feat. Bon Iver) - the long pond studio sessions,52,folklore: the long pond studio sessions (from the Disney+ special) [deluxe edition],2020-11-25,279893
my tears ricochet - the long pond studio sessions,54,folklore: the long pond studio sessions (from the Disney+ special) [deluxe edition],2020-11-25,295173
mirrorball - the long pond studio sessions,51,folklore: the long pond studio sessions (from the Disney+ special) [deluxe edition],2020-11-25,237373
seven - the long pond studio sessions,49,folklore: the long pond studio sessions (from the Disney+ special) [deluxe edition],2020-11-25,208986
august - the long pond studio sessions,52,folklore: the long pond studio sessions (from the Disney+ special) [deluxe edition],2020-11-25,260000
this is me trying - the long pond studio sessions,54,folklore: the long pond studio sessions (from the Disney+ special) [deluxe edition],2020-11-25,209293
illicit affairs - the long pond studio sessions,51,folklore: the long pond studio sessions (from the Disney+ special) [deluxe edition],2020-11-25,183720
invisible string - the long pond studio sessions,49,folklore: the long pond studio sessions (from the Disney+ special) [deluxe edition],2020-11-25,257359
mad woman - the long pond studio sessions,49,folklore: the long pond studio sessions (from the Disney+ special) [deluxe edition],2020-11-25,238333
epiphany - the long pond studio sessions,48,folklore: the long pond studio sessions (from the Disney+ special) [deluxe edition],2020-11-25,274880
betty - the long pond studio sessions,49,folklore: the long pond studio sessions (from the Disney+ special) [deluxe edition],2020-11-25,290040
peace - the long pond studio sessions,49,folklore: the long pond studio sessions (from the Disney+ special) [deluxe edition],2020-11-25,214373
hoax - the long pond studio sessions,49,folklore: the long pond studio sessions (from the Disney+ special) [deluxe edition],2020-11-25,221800
the lakes - the long pond studio sessions,51,folklore: the long pond studio sessions (from the Disney+ special) [deluxe edition],2020-11-25,199733
the 1,66,folklore (deluxe version),2020-08-18,210240
cardigan,68,folklore (deluxe version),2020-08-18,239560
the last great american dynasty,65,folklore (deluxe version),2020-08-18,231000
exile (feat. Bon Iver),67,folklore (deluxe version),2020-08-18,285640
my tears ricochet,66,folklore (deluxe version),2020-08-18,255893
mirrorball,64,folklore (deluxe version),2020-08-18,208973
seven,64,folklore (deluxe version),2020-08-18,208906
august,66,folklore (deluxe version),2020-08-18,261920
this is me trying,65,folklore (deluxe version),2020-08-18,195106
illicit affairs,65,folklore (deluxe version),2020-08-18,190893
invisible string,64,folklore (deluxe version),2020-08-18,252880
mad woman,62,folklore (deluxe version),2020-08-18,237266
epiphany,61,folklore (deluxe version),2020-08-18,289746
betty,63,folklore (deluxe version),2020-08-18,294520
peace,62,folklore (deluxe version),2020-08-18,234000
hoax,61,folklore (deluxe version),2020-08-18,220040
the lakes - bonus track,65,folklore (deluxe version),2020-08-18,211813
the 1,73,folklore,2020-07-24,210251
cardigan,84,folklore,2020-07-24,239560
the last great american dynasty,68,folklore,2020-07-24,230999
exile (feat. Bon Iver),77,folklore,2020-07-24,285634
my tears ricochet,80,folklore,2020-07-24,255893
mirrorball,73,folklore,2020-07-24,208977
seven,69,folklore,2020-07-24,208906
august,85,folklore,2020-07-24,261922
this is me trying,74,folklore,2020-07-24,195097
illicit affairs,75,folklore,2020-07-24,190898
invisible string,72,folklore,2020-07-24,252880
mad woman,64,folklore,2020-07-24,237258
epiphany,62,folklore,2020-07-24,289749
betty,70,folklore,2020-07-24,294521
peace,64,folklore,2020-07-24,234000
hoax,64,folklore,2020-07-24,220042
I Forgot That You Existed,69,Lover,2019-08-23,170640
Cruel Summer,90,Lover,2019-08-23,178426
Lover,85,Lover,2019-08-23,221306
The Man,79,Lover,2019-08-23,190360
The Archer,74,Lover,2019-08-23,211240
I Think He Knows,70,Lover,2019-08-23,173386
Miss Americana & The Heartbreak Prince,75,Lover,2019-08-23,234146
Paper Rings,76,Lover,2019-08-23,222400
Cornelia Street,72,Lover,2019-08-23,287266
Death By A Thousand Cuts,70,Lover,2019-08-23,198533
London Boy,72,Lover,2019-08-23,190240
Soon You’ll Get Better (feat. The Chicks),64,Lover,2019-08-23,201586
False God,71,Lover,2019-08-23,200306
You Need To Calm Down,77,Lover,2019-08-23,171360
Afterglow,73,Lover,2019-08-23,223293
ME! (feat. Brendon Urie of Panic! At The Disco),73,Lover,2019-08-23,193000
It’s Nice To Have A Friend,64,Lover,2019-08-23,150440
Daylight,77,Lover,2019-08-23,293453
...Ready For It?,79,reputation,2017-11-10,208186
End Game,72,reputation,2017-11-10,244826
I Did Something Bad,74,reputation,2017-11-10,238253
Don’t Blame Me,83,reputation,2017-11-10,236413
Delicate,79,reputation,2017-11-10,232253
Look What You Made Me Do,79,reputation,2017-11-10,211853
So It Goes...,67,reputation,2017-11-10,227906
Gorgeous,74,reputation,2017-11-10,209680
Getaway Car,77,reputation,2017-11-10,233626
King Of My Heart,71,reputation,2017-11-10,214320
Dancing With Our Hands Tied,70,reputation,2017-11-10,211506
Dress,74,reputation,2017-11-10,230373
This Is Why We Can't Have Nice Things,68,reputation,2017-11-10,207133
Call It What You Want,73,reputation,2017-11-10,203506
New Year’s Day,69,reputation,2017-11-10,235466
All Too Well,33,reputation Stadium Tour Surprise Song Playlist,2017-11-09,329160
Wildest Dreams,37,reputation Stadium Tour Surprise Song Playlist,2017-11-09,220440
The Best Day,27,reputation Stadium Tour Surprise Song Playlist,2017-11-09,246306
Red,32,reputation Stadium Tour Surprise Song Playlist,2017-11-09,223093
Holy Ground,27,reputation Stadium Tour Surprise Song Playlist,2017-11-09,202960
Teardrops On My Guitar - Radio Single Remix,29,reputation Stadium Tour Surprise Song Playlist,2017-11-09,204706
Our Song,33,reputation Stadium Tour Surprise Song Playlist,2017-11-09,203440
22,33,reputation Stadium Tour Surprise Song Playlist,2017-11-09,232120
I Knew You Were Trouble.,34,reputation Stadium Tour Surprise Song Playlist,2017-11-09,219720
I Don’t Wanna Live Forever (Fifty Shades Darker),79,reputation Stadium Tour Surprise Song Playlist,2017-11-09,247160
Mean,31,reputation Stadium Tour Surprise Song Playlist,2017-11-09,238693
How You Get The Girl,29,reputation Stadium Tour Surprise Song Playlist,2017-11-09,247533
So It Goes...,53,reputation Stadium Tour Surprise Song Playlist,2017-11-09,227906
Fifteen,27,reputation Stadium Tour Surprise Song Playlist,2017-11-09,295320
Mine,36,reputation Stadium Tour Surprise Song Playlist,2017-11-09,231866
Sparks Fly,28,reputation Stadium Tour Surprise Song Playlist,2017-11-09,262920
State Of Grace,26,reputation Stadium Tour Surprise Song Playlist,2017-11-09,295720
Haunted,28,reputation Stadium Tour Surprise Song Playlist,2017-11-09,245413
Never Grow Up,27,reputation Stadium Tour Surprise Song Playlist,2017-11-09,292920
Treacherous,24,reputation Stadium Tour Surprise Song Playlist,2017-11-09,242760
Babe,26,reputation Stadium Tour Surprise Song Playlist,2017-11-09,215106
Welcome To New York,30,reputation Stadium Tour Surprise Song Playlist,2017-11-09,212600
Fearless,27,reputation Stadium Tour Surprise Song Playlist,2017-11-09,242973
Enchanted,39,reputation Stadium Tour Surprise Song Playlist,2017-11-09,353253
Change,24,reputation Stadium Tour Surprise Song Playlist,2017-11-09,281053
Ours,28,reputation Stadium Tour Surprise Song Playlist,2017-11-09,239346
Out Of The Woods,30,reputation Stadium Tour Surprise Song Playlist,2017-11-09,235800
Come Back...Be Here,27,reputation Stadium Tour Surprise Song Playlist,2017-11-09,223920
A Place in this World,25,reputation Stadium Tour Surprise Song Playlist,2017-11-09,202080
This Love,26,reputation Stadium Tour Surprise Song Playlist,2017-11-09,250093
The Lucky One,24,reputation Stadium Tour Surprise Song Playlist,2017-11-09,240266
Invisible,24,reputation Stadium Tour Surprise Song Playlist,2017-11-09,205853
Breathe,29,reputation Stadium Tour Surprise Song Playlist,2017-11-09,264946
Better Man,28,reputation Stadium Tour Surprise Song Playlist,2017-11-09,263613
Jump Then Fall,24,reputation Stadium Tour Surprise Song Playlist,2017-11-09,238093
Begin Again,26,reputation Stadium Tour Surprise Song Playlist,2017-11-09,239426
Tied Together with a Smile,24,reputation Stadium Tour Surprise Song Playlist,2017-11-09,251213
The Story Of Us,27,reputation Stadium Tour Surprise Song Playlist,2017-11-09,267653
Forever & Always,25,reputation Stadium Tour Surprise Song Playlist,2017-11-09,226293
Hey Stephen,24,reputation Stadium Tour Surprise Song Playlist,2017-11-09,256040
Speak Now,27,reputation Stadium Tour Surprise Song Playlist,2017-11-09,243346
Wonderland,28,reputation Stadium Tour Surprise Song Playlist,2017-11-09,245560
White Horse,25,reputation Stadium Tour Surprise Song Playlist,2017-11-09,235400
I'm Only Me When I'm With You,26,reputation Stadium Tour Surprise Song Playlist,2017-11-09,215600
Starlight,25,reputation Stadium Tour Surprise Song Playlist,2017-11-09,220600
I Know Places,26,reputation Stadium Tour Surprise Song Playlist,2017-11-09,195706
Welcome To New York,46,1989 (Deluxe Edition),2014-10-27,212600
Blank Space,48,1989 (Deluxe Edition),2014-10-27,231826
Style,52,1989 (Deluxe Edition),2014-10-27,231000
Out Of The Woods,48,1989 (Deluxe Edition),2014-10-27,235800
All You Had To Do Was Stay,43,1989 (Deluxe Edition),2014-10-27,193293
Shake It Off,50,1989 (Deluxe Edition),2014-10-27,219200
I Wish You Would,46,1989 (Deluxe Edition),2014-10-27,207440
Bad Blood,45,1989 (Deluxe Edition),2014-10-27,211933
Wildest Dreams,46,1989 (Deluxe Edition),2014-10-27,220440
How You Get The Girl,48,1989 (Deluxe Edition),2014-10-27,247533
This Love,44,1989 (Deluxe Edition),2014-10-27,250093
I Know Places,45,1989 (Deluxe Edition),2014-10-27,195706
Clean,50,1989 (Deluxe Edition),2014-10-27,271000
Wonderland,49,1989 (Deluxe Edition),2014-10-27,245560
You Are In Love,50,1989 (Deluxe Edition),2014-10-27,267106
New Romantics,57,1989 (Deluxe Edition),2014-10-27,230466
I Know Places - Voice Memo,28,1989 (Deluxe Edition),2014-10-27,216333
I Wish You Would - Voice Memo,26,1989 (Deluxe Edition),2014-10-27,107133
Blank Space - Voice Memo,27,1989 (Deluxe Edition),2014-10-27,131186
Welcome To New York,53,1989,2014-10-27,212600
Blank Space,69,1989,2014-10-27,231826
Style,67,1989,2014-10-27,231000
Out Of The Woods,53,1989,2014-10-27,235800
All You Had To Do Was Stay,48,1989,2014-10-27,193293
Shake It Off,69,1989,2014-10-27,219200
I Wish You Would,40,1989,2014-10-27,207440
Bad Blood,61,1989,2014-10-27,211933
Wildest Dreams,65,1989,2014-10-27,220440
How You Get The Girl,42,1989,2014-10-27,247533
This Love,39,1989,2014-10-27,250093
I Know Places,39,1989,2014-10-27,195706
Clean,41,1989,2014-10-27,271000
